{"cameraMode":{"drawMode":0,"name":"Shaded","section":"Shading Mode"},"sceneLighting":true,"audioPlay":false,"sceneViewState":{"showFog":false,"showMaterialUpdate":false,"showSkybox":false,"showFlares":false,"showImageEffects":false,"showParticleSystems":false},"in2DMode":false,"pivot":{"x":-33.40689468383789,"y":12.816741943359375,"z":-1.7274398803710938},"rotation":{"x":0.09601593762636185,"y":0.9038532972335815,"z":-0.2888490557670593,"w":0.30052807927131655},"size":45.58428955078125,"orthographic":false}