{"cameraMode":{"drawMode":0,"name":"Shaded","section":"Shading Mode"},"sceneLighting":true,"audioPlay":false,"sceneViewState":{"showFog":false,"showMaterialUpdate":false,"showSkybox":false,"showFlares":false,"showImageEffects":false,"showParticleSystems":false},"in2DMode":false,"pivot":{"x":-1.9977951049804688,"y":-1.383932113647461,"z":1.9095420837402344},"rotation":{"x":0.1468820571899414,"y":-0.8504789471626282,"z":0.3908769488334656,"w":0.3195452094078064},"size":8.639404296875,"orthographic":false}