{"cameraMode":{"drawMode":0,"name":"Shaded","section":"Shading Mode"},"sceneLighting":true,"audioPlay":false,"sceneViewState":{"showFog":false,"showMaterialUpdate":false,"showSkybox":false,"showFlares":false,"showImageEffects":false,"showParticleSystems":false},"in2DMode":false,"pivot":{"x":235.11444091796876,"y":-179.85643005371095,"z":312.9548645019531},"rotation":{"x":0.30138036608695986,"y":0.20552726089954377,"z":-0.06671271473169327,"w":0.9286677241325378},"size":264.00653076171877,"orthographic":false}