{"cameraMode":{"drawMode":0,"name":"Shaded","section":"Shading Mode"},"sceneLighting":true,"audioPlay":false,"sceneViewState":{"showFog":false,"showMaterialUpdate":false,"showSkybox":false,"showFlares":false,"showImageEffects":false,"showParticleSystems":false},"in2DMode":false,"pivot":{"x":128.94395446777345,"y":-58.68022918701172,"z":120.89041900634766},"rotation":{"x":0.31204113364219668,"y":0.38846254348754885,"z":-0.14171436429023744,"w":0.8553423285484314},"size":248.29788208007813,"orthographic":false}